first_name,last_name,titles_before,titles_after,prosight_id,email,phone,gender,marital_status
Reamonn,meert,"Ing.,Mgr.",,75722,rmeert0@imageshack.us,421963803870,m,single
Lotta,Raoul,Mgr.,"PhD.,MBA",98887,lraoul1@cbc.ca,421986263062,f,single
Armstrong,Briston,"RNDr.,Mgr.",,68300,abriston2@google.nl,421955807401,m,married
Krishnah,Gibbieson,MUDr.,,98920,kgibbieson3@purevolume.com,421948691716,m,widowed
Cooper,Boays,,,84233,cboays4@umich.edu,421915168326,m,divorced
Davina,fee,,,96180,dfee5@studiopress.com,421932085818,f,single
Barde,Tathacott,Ing.,,36150,btathacott6@sina.com.cn,421939846376,m,single
Ivar,Creeghan,Mgr.,,73032,icreeghan7@unicef.org,421982898076,m,divorced
Elise,Venney,,,39625,evenney8@upenn.edu,421922023847,f,widowed
Carin,Smogur,,,87504,csmogur9@springer.com,421983702846,f,single
Agnese,Symon,,,44568,asymona@desdev.cn,421910489810,f,single
Hynda,metcalfe,Mgr.,,84577,hmetcalfeb@goodreads.com,421967439112,f,single
Wendell,Shakshaft,,,40617,wshakshaftc@hibu.com,421945187632,m,married
fiorenze,Garrold,Ing.,,74227,fgarroldd@posterous.com,421984542498,f,married
Noak,Vales,,,55304,nvalese@xing.com,421998314124,m,single
Wynn,mcGovern,,,21455,wmcgovernf@odnoklassniki.ru,421985263681,m,single
Joell,Dohr,Mgr. art.,PhD.,24298,jdohrg@mtv.com,421997391010,f,married
Camilla,methringham,,,28951,cmethringhamh@gravatar.com,421927907864,f,widowed
Emilio,fifield,,,91065,efifieldi@amazon.com,421991340476,m,divorced
Romonda,Cajkler,,,60666,rcajklerj@dailymail.co.uk,421997274691,f,single
Gill,Wheldon,,,30082,gwheldonk@ifeng.com,421995768987,f,single
Alexis,Ingamells,,,30373,aingamellsl@goo.gl,421920571551,m,divorced
Annadiana,Bruyns,,,33119,abruynsm@webs.com,421972787269,f,widowed
Jan,Josephsen,,,32535,jjosephsenn@nps.gov,421967449185,f,single
Teodorico,Bulfoy,,,91028,tbulfoyo@twitpic.com,421970975886,m,single
Alisha,Phizackarley,,,28881,aphizackarleyp@google.pl,421968922662,f,single
Connor,Bosence,,,49497,cbosenceq@domainmarket.com,421935946055,m,married
Bebe,Tommis,,,74002,btommisr@artisteer.com,421946671005,f,married
Cristiano,Audenis,,,17216,caudeniss@fema.gov,421961961466,m,single
Katherine,Butland,,,92261,kbutlandt@squidoo.com,421926877162,f,single
Anselm,Roaf,,,60906,aroafu@icq.com,421920589647,m,married
Jammal,Cordelet,,,78161,jcordeletv@hugedomains.com,421926470009,m,widowed
Isadora,Gonsalo,,,63915,igonsalow@networkadvertising.org,421916253955,f,divorced
Laurene,Elstone,,,76521,lelstonex@abc.net.au,421944958394,f,single
Sibelle,Congreave,,,55148,scongreavey@archive.org,421999432244,f,single
Evanne,Huxley,,,55148,ehuxleyz@skype.com,421975688123,f,divorced
Spike,Chidzoy,,,37425,schidzoy10@weebly.com,421905899330,m,widowed
Phebe,Blight,,,34250,pblight11@si.edu,421978463602,f,single
Justino,Cartmer,,,47883,jcartmer12@domainmarket.com,421939279296,m,single
Ellynn,Dobel,,,18816,edobel13@simplemachines.org,421968035333,f,single
Ardenia,Rubinovitch,,,36319,arubinovitch14@soup.io,421973914746,f,married
Chaddy,Walshaw,,,66183,cwalshaw15@ycombinator.com,421929020315,m,married
Guglielma,Zielinski,,,28827,gzielinski16@nifty.com,421915949992,f,single
Deirdre,Kings,,,67567,dkings17@eventbrite.com,421946835132,f,single
Carlene,Tatersale,,,94316,ctatersale18@parallels.com,421946740247,f,married
Stanford,Hebblewhite,,,70306,shebblewhite19@ocn.ne.jp,421952669969,m,widowed
Albert,Twohig,,,83894,atwohig1a@com.com,421961062398,m,divorced
Isidor,Zarb,,,60815,izarb1b@wikispaces.com,421915268397,m,single
Donna,Sowood,,,26309,dsowood1c@salon.com,421994009206,f,single
Danny,Crayke,"doc.,RNDr.,Mgr.","PhD.,MBA",13507,dcrayke1d@indiegogo.com,421937064290,m,divorced
